Country|City|Temperatures 
Algeria|Algiers|52.2,53.4,55.0,58.5,63.9,70.3,76.3,77.4,73.8,66.9,59.4,53.8,63.3 
Algeria|Tamanrasset|55.0,59.0,64.6,72.0,79.0,84.0,83.7,82.8,79.7,72.3,63.1,57.0,71.1 
Algeria|Reggane|60.8,64.8,73.6,82.2,90.0,97.5,103.6,101.1,95.9,84.6,71.6,64.0,82.9 
Angola|Luanda|80.1,83.3,83.5,82.8,80.6,75.0,71.8,71.8,74.3,77.4,80.1,80.4,78.4 
Benin|Cotonou|81.1,83.3,84.0,83.5,82.0,79.7,78.4,78.1,78.8,80.1,81.7,81.1,81.0 
Benin|Parakou|79.7,83.7,85.3,84.2,81.5,79.0,77.2,76.5,77.0,79.0,79.9,79.0,80.2 
Benin|Kandi|76.8,82.0,87.6,89.8,86.7,82.6,79.5,78.8,79.2,82.0,79.7,76.6,81.9 
Botswana|Maun|77.7,77.2,75.6,72.7,65.7,60.3,60.4,65.8,73.6,79.9,79.5,78.4,72.3 
Botswana|Gaborone|79,77,75,70,63,55,55,63,70,73,77,77,70 
Botswana|Ghanzi|78.6,77.5,75.4,70.2,63.7,57.7,57.4,62.8,70.7,76.3,78.3,79.0,70.5 
Burkina Faso|Ouagadougou|76.6,81.9,87.6,90.7,88.9,84.6,81.1,79.5,80.6,84.0,81.9,77.2,82.9 
Burkina Faso|Ouahigouya|75.6,80.8,86.7,91.4,91.8,87.4,82.2,81.0,82.0,85.3,81.3,76.3,83.5 
Burundi|Bujumbura|74.8,74.8,74.7,75.0,75.0,73.9,73.2,75.2,76.5,76.3,74.1,74.5,74.8 
Cameroon|Garoua|78.8,84.0,90.0,91.4,87.3,82.8,79.9,79.5,80.1,82.6,81.1,78.8,82.9 
Cameroon|Ngaoundéré|68.9,72.0,75.4,75.4,73.6,71.8,70.7,72.5,71.1,71.8,69.6,68.7,71.6 
Cameroon|Douala|81.5,82.6,82.0,81.7,81.0,79.2,77.2,76.8,78.1,79.0,80.4,81.0,80.1 
Cameroon|Yaoundé|74.7,77.5,77.0,76.3,75.4,74.1,72.7,73.4,73.6,73.9,74.7,74.7,74.8 
Cape Verde|Praia|72.3,72.0,73.2,74.1,75.2,76.8,77.7,79.2,80.2,79.5,77.7,74.1,75.9 
Central African Republic|Bangui|78.8,80.8,81.3,80.8,79.7,77.5,77.2,77.2,77.7,77.9,78.3,78.3,78.8 
Central African Republic|Birao|74.5,80.1,84.2,85.3,86.0,82.4,78.6,77.7,79.2,79.9,76.1,72.0,79.7 
Chad|N'Djamena|73.9,80.4,86.7,92.8,92.3,87.8,82.8,79.7,82.0,84.6,81.1,75.2,82.9 
Chad|Abéché|80.2,82.6,88.2,91.9,91.8,90.0,83.7,80.6,83.1,86.0,83.3,78.6,84.9 
Democratic Republic of the Congo|Kinshasa|78.8,79.2,80.1,80.2,78.8,74.7,72.0,74.3,77.5,78.8,78.6,78.1,77.5 
Democratic Republic of the Congo|Lubumbashi|71.2,70.9,71.2,70.5,66.6,62.6,62.2,66.4,72.0,74.8,73.0,71.2,69.4 
Djibouti|Djibouti|77.2,78.3,80.6,83.7,87.8,93.6,97.5,96.8,91.6,84.7,80.4,77.7,85.8 
Egypt|Cairo|56.5,58.8,62.4,70.2,76.1,81.1,81.7,81.3,79,73.9,66.0,59,70.5 
Egypt|Alexandria|56.1,57.0,60.3,65.3,70.2,75.7,78.6,79.3,77.2,71.6,65.7,58.8,68.0 
Equatorial Guinea|Bata|78.1,78.4,78.3,78.1,78.1,77.0,75.4,75.6,76.3,76.6,77.4,77.0,77.2 
Equatorial Guinea|Malabo|80.4,81.9,81.7,81.0,80.1,78.6,77.5,77.0,77.2,77.9,79.0,79.9,79.3 
Eritrea|Asmara|56.8,58.8,61.3,62.6,63.7,63.7,61.3,61.0,60.3,58.8,57.2,55.8,60.1 
Ethiopia|Mek'ele|67.1,68.9,70.7,72.5,74.3,74.3,68.9,68,70.7,68.9,67.1,65.3,72.9 
Ethiopia|Addis Ababa|61,63,63,63,64,63,59,61,61,61,59,59,61 
Gabon|Libreville|80.2,80.6,80.8,79.9,80.1,77.7,75.7,75.7,77.7,78.3,78.6,79.2,78.6 
Gabon|Port-Gentil|80.4,81.1,81.1,80.8,79.9,75.9,74.3,76.5,77.7,78.6,79.0,79.7,78.8 
The Gambia|Banjul|73,77,77,77,79,81,81,81,81,81,79,75,79 
Ghana|Accra|81.1,81.9,81.9,81.9,81.0,78.1,75.9,75.7,77.4,78.8,80.6,81.0,79.5 
Ghana|Tamale|82.2,86.2,87.6,85.6,83.5,80.2,78.8,78.4,78.6,81.1,82.8,81.5,82.2 
Ghana|Kumasi|79,81,81,81,79,79,75,75,75,77,79,77,79 
Guinea|Conakry|79.0,79.7,80.6,81.3,81.5,79.7,77.9,77.4,78.1,79.3,80.6,79.9,79.5 
Guinea|Kankan|75.7,79.3,85.3,86.2,82.9,79.5,77.5,77.2,77.9,79.5,80.6,74.8,79.7 
Guinea-Bissau|Bissau|79,81,82,82,82,82,81,79,81,82,81,79,81 
Ivory Coast|Gagnoa|79,81,81,81,81,79,77,77,77,79,79,79,79 
Ivory Coast|Bouaké|81,82,82,81,79,77,75,75,75,77,79,79,79 
Ivory Coast|Abidjan|81,82,82,82,81,79,77,75,77,79,81,81,79 
Ivory Coast|Odienné|77,81,82,82,81,79,77,77,77,77,77,73,79 
Kenya|Mombasa|81.7,82.6,82.9,81.7,79.2,76.6,75.2,75.2,76.5,78.3,80.4,81.3,79.3 
Kenya|Nairobi|64.4,65.8,66.9,66.6,64.0,61.3,60.1,60.6,63.1,65.3,65.1,64.6,64.0 
Kenya|Garissa|85.5,87.1,88.5,87.3,85.3,82.2,81.3,81.7,83.1,85.5,85.8,84.6,84.7 
Kenya|Lodwar|83.7,85.3,86.2,85.3,85.5,84.4,83.1,83.7,85.3,86.2,84.4,83.3,84.7 
Libya|Tripoli|54,55,59,64,72,79,81,82,81,73,63,55,68 
Libya|Benghazi|54.5,55.8,58.8,65.7,72.5,77.9,78.6,79.7,77.2,71.8,64.8,57.4,67.8 
Madagascar|Fianarantsoa|69.4,69.4,68.0,66.0,62.1,58.1,57.2,57.9,61.2,64.9,67.5,68.7,64.2 
Madagascar|Toamasina|78.8,79.0,77.9,76.3,73.2,70.0,68.7,68.9,70.3,72.9,75.7,77.9,74.1 
Madagascar|Antananarivo|68.9,69.3,68.2,66.6,62.2,58.3,57.4,58.1,61.3,65.3,67.5,68.4,64.2 
Madagascar|Antsiranana|78.8,78.8,79.2,79.3,77.7,75.4,74.3,74.1,75.4,77.4,79.3,79.7,77.4 
Madagascar|Mahajanga|80.8,81.0,81.5,81.3,79.0,76.3,75.6,76.3,77.7,80.2,81.9,81.3,79.3 
Madagascar|Toliara|81.5,81.5,80.2,77.0,72.9,69.3,68.5,69.8,72.1,75.0,77.5,79.9,75.4 
Malawi|Karonga|76.8,77.0,76.5,76.3,74.5,72.0,71.1,72.3,75.7,79.5,80.6,78.3,75.9 
Malawi|Blantyre|74.3,74.1,73.8,72.0,68.5,65.3,65.1,68.0,73.6,77.0,77.0,75.2,72.0 
Malawi|Mzuzu|67.8,68.0,67.1,65.7,61.5,57.0,55.6,57.2,62.1,66.9,68.9,68.2,63.9 
Mali|Ségou|75,81,86,91,91,86,82,81,81,84,81,77,82 
Mali|Timbuktu|70,73,81,88,91,93,90,88,88,86,79,70,82 
Mali|Bamako|77.2,82.0,86.4,88.9,88.5,84.4,80.2,79.0,79.9,81.9,79.7,76.6,82.0 
Mauritania|Nouadhibou|64.9,66.6,68.2,67.8,68.7,73.0,72.3,74.3,76.3,73.9,70.2,66.6,70.3 
Mauritania|Nouakchott|70.7,73.4,75.6,75.7,78.4,80.1,81.1,83.1,85.3,83.8,78.4,73.0,78.3 
Morocco|Rabat|54.7,55.6,57.6,59.4,63.3,67.6,72.0,72.3,70.7,66.2,60.6,55.8,63.0 
Morocco|Marrakesh|54.0,56.8,60.4,63.1,69.1,74.8,82.9,82.9,77.5,70.0,61.3,54.7,67.3 
Morocco|Ouarzazate|48.7,53.4,58.6,63.7,71.1,78.6,85.1,83.8,76.3,66.9,56.7,49.1,66.0 
Mozambique|Maputo|79.3,79.2,78.1,74.3,70.5,66.0,65.8,68.0,70.7,72.3,74.8,77.9,73.0 
Niger|Niamey|75.7,81.1,87.6,92.8,93.2,88.7,84.2,82.2,84.2,87.4,82.2,77.0,84.7 
Nigeria|Lagos|81.1,83.3,83.3,82,80.8,78.1,77.5,77.2,77.9,79.5,81.0,81.0,80.2 
Nigeria|Makurdi|80.4,81.1,81.1,80.8,79.9,75.9,74.3,76.5,77.7,78.6,79.0,79.7,78.8 
Nigeria|Jos|81.1,83.7,86.7,86.4,82.8,79.9,75.9,75.7,79.0,82.0,82.4,81.0,81.3 
Nigeria|Kano|70.2,75.9,83.7,88.3,87.6,82.8,79.2,77.9,79.9,81.1,76.3,70.9,79.5 
Nigeria|Sokoto|77,79,86,90,90,88,82,81,82,82,81,77,82 
Republic of the Congo|Brazzaville|79,79,81,79,79,73,72,73,77,79,79,79,77 
Republic of the Congo|Pointe-Noire|81.5,81.7,82.2,82.0,80.2,76.1,73.6,73.9,76.1,79.3,80.1,80.4,79.0 
Republic of the Congo|Dolisie|77,79,79,79,77,73,70,72,73,77,77,77,75 
Senegal|Dakar|70,70,70,70,72,77,81,81,81,81,79,73,75 
Senegal|Thiès|70,70,70,72,75,79,81,81,81,81,79,73,75 
Somalia|Bosaso|77.0,77.0,80.1,83.8,88.0,96.1,96.1,97.0,91.9,82.0,78.1,78.1,86.0 
Somalia|Hargeisa|63.9,65.7,70.9,73.4,75.4,75.7,74.5,74.5,74.5,75.4,65.7,64.4,71.1 
Somalia|Mogadishu|79.9,80.4,82.4,84.0,82.8,80.1,77.7,78.6,79.7,81.1,81.5,80.4,80.8 
South Africa|Pretoria|72.7,71.8,69.8,64.2,58.5,52.7,53.4,58.5,65.5,68.2,69.8,71.4,64.8 
South Africa|Cape Town|68.7,68.7,66.6,62.4,57.9,54.5,53.4,54.3,56.7,60.1,64.2,67.1,61.2 
South Africa|Johannesburg|67.1,66.2,64.4,59.5,54.7,49.3,50.0,54.5,60.6,62.8,64.2,66.2,59.9 
South Africa|Bloemfontein|73.0,70.5,66.6,58.8,51.3,44.4,45.0,50.2,58.3,63.5,67.8,71.4,60.1 
South Africa|Upington|82.0,80.4,76.5,68.4,60.3,53.8,53.4,57.2,64.6,70.5,76.5,80.4,68.7 
South Africa|Durban|75.4,75.7,74.7,70.9,66.4,61.9,61.7,63.9,66.6,68.2,70.5,73.6,69.1 
South Sudan|Juba|82.9,85.1,85.8,84.6,82.2,80.4,78.6,79.0,80.2,81.5,81.7,81.9,82.0 
South Sudan|Wau|80.2,83.3,86.7,87.1,84.7,81.5,79.3,79.2,80.2,81.3,81.3,79.7,82.0 
Sudan|Port Sudan|73.9,73.4,75.7,79.7,84.7,90.0,93.4,94.1,89.8,84.7,81.1,76.5,83.1 
Sudan|Khartoum|73.8,77.0,83.7,89.4,94.1,93.7,89.8,88.7,90.5,90.3,82.6,76.1,85.8 
Tanzania|Dar es Salaam|81.3,81.9,81.3,79.7,77.9,75.6,74.3,74.7,75.7,77.5,79.3,81.1,78.4 
Tanzania|Zanzibar City|82,82,82,81,77,77,75,77,77,79,81,81,79 
Tanzania|Tabora|72,72,72,72,72,70,70,72,75,77,75,72,73 
Tanzania|Dodoma|74.8,73.4,74.3,73.0,71.8,70.5,67.6,68.9,72.1,74.8,77.2,76.3,72.9 
Togo|Lomé|80.8,82.8,83.3,82.8,81.3,79.2,77.5,77.4,78.4,79.9,81.1,80.8,80.4 
Togo|Mango|80.2,84.9,88.7,88.5,85.3,81.5,79.5,78.8,79.5,82.2,82.2,80.1,82.6 
Tunisia|Tunis|52.7,53.6,55.8,60.1,66.7,73.8,79.3,80.2,75.9,68.7,60.6,54.5,65.1 
Tunisia|Gabès|53.6,55.9,59.2,63.9,69.4,75.2,79.9,81.3,78.1,71.1,62.2,55.4,67.1 
Uganda|Kampala|72,72,72,70,68,68,68,68,68,70,70,70,68 
Uganda|Entebbe|70,72,72,70,70,70,68,68,70,70,70,70,70 
Zambia|Ndola|69.4,69.4,69.8,68.9,65.5,61.7,62.1,66.6,72.5,74.7,72.5,69.8,68.5 
Zambia|Lusaka|70.7,70.7,70.0,67.8,63.3,59.4,58.8,63.1,70.3,74.3,74.1,71.1,67.8 
Zambia|Livingstone|74.5,73.8,73.6,71.4,66.0,60.8,61.0,66.7,75.0,79.2,77.2,74.5,71.2 
Zimbabwe|Harare|69.8,69.3,68.5,65.8,61.0,56.7,56.1,59.9,65.5,69.4,70.2,69.6,65.1 
Zimbabwe|Bulawayo|71.2,70.2,69.1,65.7,60.8,56.7,56.8,61.5,67.8,70.9,71.1,70.5,66.0 
Afghanistan|Kabul|27.9,30.7,43.3,55.0,63.1,73.0,77.0,75.4,67.5,55.6,42.6,33.1,53.8 
Azerbaijan|Baku|39.9,39.6,44.6,55.2,65.3,74.3,79.5,79.3,72.5,61.9,52.2,45.1,59.2 
Armenia|Yerevan|25.5,32.2,43.3,55.2,63.3,72.7,79.5,79.0,70.0,56.8,43.2,31.6,54.3 
Bahrain|Manama|63.0,64.4,70.2,77.5,86.0,90.7,93.4,93.6,90.5,84.7,76.1,66.7,79.7 
Bangladesh|Dhaka|65.5,71.6,79.3,83.1,83.8,84.2,83.7,84.0,83.3,81.3,75.2,68.0,78.6 
Cambodia|Phnom Penh|79.9,82.4,84.9,86.4,86.0,84.6,83.7,83.3,82.8,81.0,80.8,79.3,82.9 
China|Beijing|26.4,32.5,44.1,58.6,69.4,76.8,80.1,77.9,69.4,56.7,41.0,30.4,55.2 
China|Chongqing|46.4,50.2,57.2,65.8,73.0,77.5,83.3,83.5,75.7,65.7,57.7,48.7,65.5 
China|Lhasa|28.2,34.0,40.3,46.6,53.4,59.9,59.5,58.1,55.0,46.6,36.0,28.9,45.7 
China|Shanghai|40.3,43.0,49.3,59.2,68.5,75.4,83.1,82.6,75.9,66.7,56.1,44.8,62.1 
China|Ürümqi|10.2,15.3,31.1,50.7,63,71.2,75.0,72.9,63,47.1,29.3,15.1,45.3 
East Timor|Dili|81.9,81.7,81.3,81.3,80.6,80.2,77.9,77.2,77.7,78.8,81.0,81.3,79.9 
Georgia|Batumi|43,45,46,54,61,68,72,72,68,61,54,46,57 
Georgia|Tbilisi|34.2,36.9,43.9,54.0,63.3,70.3,76.1,75.4,67.3,56.7,46.0,37.8,55.2 
Hong Kong|Hong Kong|61.3,62.2,66.4,72.7,78.6,82.2,83.8,83.5,81.9,77.9,71.2,64.2,73.9 
India|New Delhi|56.8,61.7,71.8,83.7,91.0,93,87.6,85.5,84,79.0,68.9,59.5,77 
India|Kolkata|68.2,73.0,81.7,86.9,88.3,86.7,84.4,83.8,83.8,81.5,74.7,68.5,80.1 
India|Mumbai|74.7,76.1,80.2,83.1,85.8,84.6,81.7,81.0,81.1,82.9,81.0,77.4,80.8 
Indonesia|Jakarta|79.0,79.0,79.5,80.6,81.0,80.1,79.5,80.1,80.6,81.0,80.6,79.5,80.1 
Iraq|Baghdad|49.5,54,61.9,72.7,82.9,90.1,94.6,93,86.9,76.5,61.7,52.2,72.99 
Iraq|Erbil|43.2,46.6,54.0,63.3,74.5,84.0,91.2,89.8,82.8,70.5,57.4,46.9,67.1 
Iran|Tehran|34,41,50,63,70,81,88,84,79,64,52,41,63 
Iran|Ahvaz|54.1,58.5,66.2,76.8,88.0,95.4,99.1,98.1,91.4,81.1,67.6,57.2,77.7 
Iran|Tabriz|28.9,32.9,42.1,52.7,62.1,71.8,78.8,78.6,70.5,58.1,44.8,34.2,54.7 
Israel|Tel Aviv|54,55,59,64,70,73,79,79,77,72,64,55,68 
Japan|Sapporo|25.5,26.4,33.1,44.8,54.3,62.1,68.9,72.1,64.6,53.2,40.8,30.4,48.0 
Japan|Tokyo|41.4,42.3,47.7,57.0,64.8,70.5,77.0,79.5,73.0,63.5,53.8,45.7,59.7 
Japan|Naha|62.6,62.8,66.0,70.5,75.2,80.2,84.0,83.7,81.7,77.4,71.8,65.7,73.6 
Kazakhstan|Almaty|23.5,26.6,38.1,52.7,61.9,70.9,74.8,73.4,63.7,49.8,36.9,27.0,50.0 
Kazakhstan|Astana|6.4,6.6,19.2,41.4,57.0,67.1,69.4,65.8,54.1,40.3,22.3,10.2,38.3 
North Korea|Pyongyang|21.6,36.3,39.9,52.2,62.8,71.1,75.7,76.3,67.3,54.5,40.5,26.8,51.4 
South Korea|Seoul|27.7,32.7,42.3,54.5,64.0,72.0,76.8,78.3,70.2,58.6,45.0,32.7,54.5 
Kuwait|Kuwait City|54.5,58.6,66.7,76.8,88.7,96.8,99.9,98.2,91.9,81.1,67.8,57.4,78.3 
Kyrgyzstan|Bishkek|27.3,30.6,41.5,54.1,63.3,72.3,76.8,74.8,65.3,51.8,40.5,30.4,52.3 
Laos|Vientiane|71.1,75.2,80.1,83.3,81.9,81.9,81.5,81.0,80.6,79.5,75.7,71.1,78.6 
Lebanon|Beirut|57.2,57.2,60.8,65.7,71.1,76.8,80.8,82.0,80.2,75.4,67.1,60.4,69.6 
Malaysia|Kuala Lumpur|80.4,81.1,81.7,81.9,82.4,82.2,81.3,81.5,81.0,80.8,80.2,80.1,81.1 
Maldives|Malé|81.9,82.4,83.3,84.0,83.5,82.8,82.4,82.0,81.7,81.7,81.9,81.5,82.4 
Mongolia|Ulaanbaatar|−6.9,2.1,18.7,35.6,50.2,60.3,64.8,60.8,49.3,32.9,10.6,−2.2,31.3 
Myanmar|Mandalay|71.4,75.9,83.8,89.4,88.3,87.4,87.4,86.4,85.5,83.8,78.3,72.0,82.4 
Myanmar|Yangon|77.0,79.3,83.5,87.1,85.3,81.3,80.4,80.4,81.3,82.2,81.3,77.7,81.5 
Nepal|Kathmandu|50.0,53.4,61.0,66.6,71.2,74.8,75.4,75.4,73.9,66.4,58.6,52.3,64.9 
Oman|Muscat|70,72,77,86,93,95,93,90,88,86,77,72,82 
Pakistan|Karachi|64.6,68.4,76.1,82.9,86.9,88.5,86.5,84.0,84.0,82.2,75.0,67.1,78.8 
Pakistan|Lahore|55.0,59.7,68.9,80.2,88.2,93.0,88.7,87.3,85.5,78.1,67.1,57.6,75.7 
Philippines|Manila|80.1,81.3,83.7,86.2,86.0,84.7,83.3,82.9,83.1,83.1,82.4,80.6,83.1 
Russia|Dikson|−12.6,−13.7,−7.8,1.0,18.0,32.7,40.8,41.9,34.9,18.5,0.5,−9.2,12.0 
Russia|Irkutsk|0.0,6.1,20.5,36.5,50.4,59.7,64.9,60.6,48.6,35.2,18.3,4.5,33.8 
Russia|Novosibirsk|2.3,5.4,18.3,36.1,53.2,62.8,66.9,61.9,50.4,37.6,19.6,6.8,35.1 
Russia|Petropavlovsk-Kamchatsky|18.3,19.2,23.7,30.9,38.1,46.8,52.7,54.5,49.5,40.8,29.7,21.6,35.4 
Russia|Vladivostok|9.9,16.9,28.6,41.2,49.6,56.5,63.7,67.6,60.8,48.0,30.4,15.6,40.8 
Russia|Yakutsk|−37.5,−28.8,−4.2,23.4,45.5,61.5,67.1,59.4,43.0,18.0,−16.6,−35.7,16.2 
Saudi Arabia|Abha|55,57,61,64,70,73,73,72,70,64,59,55,64 
Saudi Arabia|Riyadh|57,61,70,79,90,93,97,95,90,81,70,61,79 
Singapore|Singapore|81,81,82,82,82,82,82,82,81,81,81,79,81 
Sri Lanka|Colombo|79.9,80.4,81.9,82.8,82.9,82.2,81.7,81.7,81.5,80.6,80.1,79.9,81.3 
Syria|Damascus|43.0,45.9,52.5,61.2,69.4,77.0,81.1,80.6,75.2,66.2,53.8,45.5,62.6 
Tajikistan|Dushanbe|35.8,38.8,48.6,59.7,68.0,77.5,80.8,76.8,68.2,57.7,48.0,40.6,58.5 
Taiwan|Taipei|61.0,61.7,65.3,71.4,77.4,81.9,85.3,84.6,81.3,76.1,70.7,64.2,73.4 
Thailand|Bangkok|80.6,82.9,85.1,86.9,85.8,85.1,84.2,83.8,82.9,82.6,82.0,79.7,83.5 
Thailand|Chiang Mai|70.7,75.0,80.8,84.7,82.8,81.7,81.0,80.2,80.1,79.0,75.2,70.5,78.4 
Thailand|Hat Yai|78.8,80.1,81.7,82.4,82.0,81.9,81.3,81.3,80.4,79.7,78.8,78.1,80.6 
Thailand|Nakhon Ratchasima|75.7,80.4,84.0,86.0,84.4,84.4,83.5,82.6,81.3,80.1,77.7,74.5,81.1 
Turkey|Ankara|32.7,35.4,42.8,52.3,61.0,68.2,74.5,74.1,65.8,55.4,44.6,36.7,53.6 
Turkey|Erzurum|13.6,16.3,27.1,41.2,50.4,57.4,65.1,65.7,57.0,45.5,32.7,19.9,41.2 
Turkey|İzmir|48.0,49.1,53.1,60.6,69.4,78.1,82.4,81.9,74.7,65.8,57.2,51.1,64.2 
Turkmenistan|Ashgabat|38.3,41.9,50.7,63.3,73.9,84.2,88.3,85.3,74.5,61.7,50.4,41.2,62.8 
United ArabEmirates|Dubai|65.7,66.7,72.1,79.0,85.8,90.0,93.9,93.9,89.8,83.7,75.7,69.1,80.4 
Uzbekistan|Tashkent|35.4,39.0,48.9,59.9,68.9,78.4,82.0,79.2,69.1,57.0,47.3,38.3,58.6 
Vietnam|Da Lat|60.4,62.1,64.0,66.0,66.7,66.2,65.5,65.3,65.1,64.6,63.1,61.2,64.2 
Vietnam|Da Nang|70.7,72.1,75.6,79.5,82.9,84.6,84.7,84.2,81.5,78.6,75.4,71.8,78.4 
Vietnam|Hanoi|61.5,63.0,68.0,75.0,81.3,84.0,84.6,83.5,81.5,76.8,70.7,64.8,74.5 
Vietnam|Ho Chi Minh City|78.8,80.2,82.4,84.6,83.8,82.0,81.5,81.3,81.0,80.6,80.1,78.8,81.3 
Yemen|Aden|78.3,78.8,81.0,84.0,87.8,90.9,90.9,88.7,88.9,84.0,80.8,78.8,84.4 
Yemen|Sana'a|61,64,68,68,72,73,75,73,72,64,61,59,68 
Albania|Tirana|44.1,46.0,50.0,56.1,64.4,70.9,75.2,74.8,69.3,60.8,53.1,46.6,59.4 
Austria|Vienna|32.5,34.7,42.3,51.3,60.3,65.7,69.4,68.4,59.7,50.4,41.2,34.0,50.7 
Belarus|Minsk|23.9,24.1,32.0,45.0,55.9,61.5,65.3,63.5,53.8,43.9,33.1,25.9,44.1 
Belgium|Brussels|37.9,38.7,44.2,49.6,56.5,61.2,65.1,64.4,58.8,52.0,44.2,39.0,50.9 
Bosnia and Herzegovina|Sarajevo|31.1,34.5,42.3,50.0,58.6,63.9,67.5,67.5,59.5,51.8,41.7,33.6,50.2 
Bulgaria|Sofia|31.1,34.0,41.7,51.1,59.7,66.0,70.2,69.8,61.7,52.3,41.2,33.3,51.1 
Croatia|Zagreb|32.5,36.1,43.5,51.3,60.4,65.8,69.1,68.2,60.6,50.9,41.0,34.5,51.3 
Cyprus|Nicosia|51.1,51.1,55.6,62.8,72.1,80.4,85.5,84.9,79.2,72.1,61.3,53.6,67.5 
Czech Republic|Prague|29.5,31.3,38.5,47.1,56.1,61.0,64.8,64.0,56.3,47.3,37.6,31.5,47.1 
Denmark|Copenhagen|34.5,34.5,38.3,45.9,54.5,60.1,64.6,63.9,57.0,49.6,41.9,36.5,48.4 
Estonia|Tallinn|26.1,24.3,30.2,40.1,50.2,57.4,63.0,60.8,52.3,43.7,34.3,28.6,42.6 
Finland|Helsinki|25.0,23.5,29.7,39.0,50.4,58.3,64.0,61.3,52.7,43.9,34.9,28.4,42.6 
Finland|Kuopio|15.4,15.4,24.6,35.6,48.4,58.1,63.5,59.0,49.5,39.4,28.4,19.9,38.1 
Finland|Oulu|14.7,15.3,23.4,34.5,46.0,56.3,61.7,57.4,48.0,37.9,27.0,19.2,36.9 
France|Marseille|47.1,48.0,52.9,56.8,64.2,70.3,76.1,75.4,69.3,62.4,53.2,48.7,60.4 
France|Paris|40.8,42.1,47.8,52.5,59.2,64.8,68.7,68.4,62.4,55.2,46.6,41.7,54.1 
Germany|Berlin|33.1,36.1,41.2,50.4,58.6,64.2,68.5,67.5,59.5,50.9,42.8,34.3,50.5 
Germany|Frankfurt|34,36,43,46,55,61,64,64,59,50,41,36,50 
Greece|Athens|50.4,51.6,55.8,62.4,71.2,79.9,84.7,84.7,77.0,68.2,59.9,52.7,66.6 
Greece|Piraeus|52.0,52.2,55.9,62.4,70.5,79.3,84.2,83.8,77.4,69.1,60.4,54.7,66.9 
Hungary|Budapest|32.7,36.1,43.0,53.6,61.9,67.5,70.7,70.2,62.4,53.2,41.7,35.2,52.3 
Iceland|Reykjavík|31.1,32.7,32.9,37.2,43.3,48.2,51.1,50.5,45.3,39.9,34.0,31.6,39.7 
Ireland|Dublin|41.5,41.5,44.2,46.9,51.6,56.5,60.1,59.5,56.1,50.9,45.3,42.1,49.6 
Italy|Milan|36.5,40.5,48.2,54.0,62.6,69.4,74.5,73.4,66.6,56.1,45.0,37.9,55.4 
Italy|Rome|45.5,46.8,50.4,54.7,63.0,70.0,75.4,76.1,69.4,61.5,52.5,47.1,59.4 
Latvia|Riga|23.5,24.4,32.9,41.2,52.5,59.9,62.4,61.2,53.6,45.3,35.8,27.9,43.2 
Liechtenstein|Vaduz|33.4,35.8,43.3,49.8,57.9,62.8,66.2,65.1,58.8,51.6,41.4,35.4,50.2 
Lithuania|Vilnius|21.0,23.4,30.9,42.3,54.5,60.4,62.4,61.3,52.9,43.9,34.2,26.8,42.8 
Luxembourg|Luxembourg City|33.4,34.9,41.4,47.7,55.4,60.6,64.8,63.9,57.0,49.1,40.5,35.2,48.7 
Macedonia|Skopje|32.2,36.7,45.7,53.8,63.1,70.7,74.8,74.8,65.8,55.6,43.7,35.1,54.3 
Malta|Valletta|55.0,55.0,55.9,60.1,66.0,73.0,79.0,80.1,75.0,70.0,63.0,57.0,65.8 
Moldova|Chișinău|28.6,30.6,38.7,50.7,61.7,67.8,71.8,71.1,61.3,50.9,39.4,30.9,50.4 
Monaco|Monaco|50.4,50.4,53.6,56.8,63.5,69.6,74.8,75.6,70.0,64.2,56.8,52.2,61.5 
Montenegro|Podgorica|41.0,44.2,50.0,57.0,66.2,73.0,78.8,78.1,70.5,60.6,50.9,43.7,59.5 
Netherlands|Amsterdam|38.1,38.3,43.0,48.4,55.2,59.7,63.7,63.5,58.5,51.8,44.8,39.2,50.4 
Norway|Bergen|34.7,34.9,37.9,42.6,50.9,56.3,58.1,57.9,52.7,47.7,40.5,36.7,45.9 
Norway|Oslo|24.3,24.8,31.6,40.1,51.4,59.4,61.5,59.4,51.4,43.3,33.3,26.4,42.3 
Norway|Tromsø|25.2,25.3,27.9,33.3,41.2,48.6,53.2,51.6,44.4,37.8,30.9,27.1,37.2 
Poland|Warsaw|28.8,30.9,37.0,47.7,57.6,62.6,66.6,64.9,56.3,47.3,37.9,30.7,47.3 
Portugal|Lisbon|52.9,54.9,58.8,60.6,64.4,70.2,73.6,74.3,71.8,65.8,59.0,54.3,63.5 
Romania|Bucharest|29.7,32.7,41.7,52.2,62.2,69.1,72.5,71.6,62.4,51.8,40.5,32.4,51.4 
Russia|Arkhangelsk|9.1,11.5,22.1,32.7,44.4,55.4,61.3,55.6,46.8,36.1,22.8,14.4,34.3 
Russia|Moscow|20.3,19.9,30.2,44.1,55.8,62.6,66.6,62.6,52.3,42.1,29.8,22.6,42.4 
Russia|Murmansk|13.8,14.5,22.1,30.7,39.2,48.6,55.0,52.0,44.6,34.7,23.4,17.2,33.1 
Russia|Rostov-on-Don|26.6,27.0,36.3,51.1,61.9,69.8,74.1,72.7,62.1,50.0,37.2,29.1,49.8 
Russia|Saint Petersburg|22.1,21.6,29.7,41.2,52.3,60.3,65.8,62.4,52.9,43.2,32.2,25.3,42.4 
Russia|Sochi|43.0,42.8,46.8,53.8,60.8,68.4,73.8,74.5,68.0,60.4,52.0,46.6,57.6 
Serbia|Belgrade|34.5,37.6,45.7,55.2,64.6,69.8,73.4,72.9,64.4,55.2,44.8,36.9,54.5 
Slovakia|Bratislava|31.3,34.2,41.9,51.8,60.8,66.4,70.3,69.3,60.6,50.7,40.8,33.3,50.9 
Slovenia|Ljubljana|32.5,35.4,43.7,51.4,60.4,66.4,70.3,69.1,60.8,52.2,42.1,34.2,51.6 
Spain|Barcelona|53.2,54.3,57.6,60.4,66.7,73.4,78.3,79.0,73.4,67.1,58.8,54.1,64.8 
Spain|Las Palmas de Gran Canaria|64.6,65.1,66.7,67.1,68.9,72.0,74.8,76.3,75.7,73.6,70.2,66.7,70.2 
Spain|Madrid|43.3,46.2,52.2,55.2,62.1,72.0,78.1,77.2,69.6,59.2,49.8,44.4,59.0 
Spain|Seville|51.8,54.5,60.1,63.1,69.3,77.2,82.8,82.2,77.0,68.4,59.2,53.4,66.6 
Sweden|Stockholm|27.0,26.6,32.2,40.3,51.3,60.1,63.0,61.2,53.4,45.5,36.7,30.2,43.9 
Switzerland|Zürich|32.5,34.3,41.5,47.8,55.9,61.5,65.5,64.4,57.4,49.8,39.9,34.5,48.7 
Turkey|Istanbul|42.3,42.3,44.6,52.0,60.3,68.7,73.2,73.6,67.6,60.1,52.7,46.4,57.0 
Ukraine|Kiev|25.7,26.6,35.2,48.7,59.9,65.3,68.9,67.5,57.6,47.1,35.4,27.9,47.1 
Ukraine|Lviv|26.4,28.0,35.4,46.9,56.8,61.5,64.9,63.9,55.4,46.6,36.7,28.8,46.0 
Ukraine|Odessa|31.1,31.6,38.3,48.9,60.1,68.0,72.7,72.1,63.0,52.9,42.3,34.0,51.3 
United Kingdom|Edinburgh|39.6,40.1,43.2,46.6,51.4,56.3,59.5,59.4,55.4,49.6,44.1,39.6,48.7 
United Kingdom|London|39.7,40.1,44.4,47.7,53.8,59.2,63.1,62.6,57.7,51.6,45.0,40.5,50.5 
Antigua and Barbuda|St. John's|77.7,77.4,78.1,79.3,81.0,82.2,82.8,82.9,82.6,81.5,80.2,78.6,80.4 
Aruba|Oranjestad|80.1,80.2,81.0,82.2,83.3,83.7,83.5,84.4,84.6,83.7,82.6,81.0,82.6 
The Bahamas|Nassau|70.0,70.0,72.0,74.1,77.5,80.4,82.2,82.2,81.1,78.6,74.8,71.4,76.3 
Barbados|Bridgetown|78.4,78.3,79.2,80.2,81.7,81.9,81.7,82.0,81.9,81.5,80.6,79.5,80.6 
Belize|Belize City|75.2,76.8,78.6,81.1,82.9,83.3,82.6,82.8,82.4,80.6,78.1,76.1,80.1 
Bermuda|Hamilton|64.9,64.4,64.8,67.3,71.6,77.0,81.0,81.7,79.9,75.9,70.9,67.1,72.1 
Canada|Calgary|19.2,22.3,29.1,40.3,49.5,56.7,61.7,60.4,51.8,41.4,27.7,19.8,39.9 
Canada|Edmonton|13.3,18.3,27.5,41.7,52.7,59.9,63.9,62.4,52.5,41.2,24.6,16.2,39.6 
Canada|Gjoa Haven|−28.8,−29.2,−20.0,−4.7,15.1,34.5,46.4,42.4,32.2,14.9,−8.3,−21.8,6.1 
Canada|Halifax|24.6,25.5,31.6,40.8,50.2,59.4,65.8,66.4,59.9,49.8,40.6,30.6,45.5 
Canada|Iqaluit|−16.4,−17.5,−9.8,6.4,24.1,38.5,46.8,44.8,36.7,25.3,10.4,−6.3,15.3 
Canada|Moncton|17.2,19.4,27.9,39.6,51.3,60.8,67.1,66.2,58.1,46.9,36.5,24.3,43.0 
Canada|Montreal|14.5,18.1,28.4,43.5,56.1,65.5,70.2,68.2,59.9,47.3,35.8,22.3,44.2 
Canada|Ottawa|13.6,17.8,28.0,43.7,56.3,65.7,70.2,67.8,59.5,47.1,35.6,21.9,43.9 
Canada|Saskatoon|7.0,11.5,23.2,41.4,53.2,61.0,66.2,64.8,53.6,39.9,22.6,9.7,37.9 
Canada|St. John's|23.9,23.2,27.3,35.4,43.5,51.6,60.4,61.0,54.3,45.3,37.4,29.3,41.0 
Canada|Toronto|25.3,27.3,34.5,46.2,57.4,66.9,72.1,70.7,63.0,51.3,40.8,31.1,48.9 
Canada|Vancouver|39.4,40.8,44.4,48.9,55.0,60.3,64.4,64.4,58.8,50.5,43.3,38.5,50.7 
Canada|Winnipeg|2.5,8.2,21.6,39.9,52.9,62.6,67.5,65.8,54.9,41.0,23.2,8.2,37.4 
Canada|Whitehorse|4.6,9.1,20.7,33.8,45.1,54.1,57.7,54.7,45.0,32.9,15.1,9.5,31.8 
Canada|Yellowknife|−14.1,−9.2,1.8,22.5,40.3,55.9,62.6,57.6,45.0,28.9,7.3,−7.2,24.3 
Cayman Islands|George Town|78.4,79.0,79.9,81.7,83.3,84.6,85.3,85.5,84.7,83.3,81.5,79.2,82.2 
Costa Rica|San José|72.7,73.4,74.3,74.7,73.2,72.5,72.7,72.3,71.6,71.2,71.4,72.1,72.7 
Cuba|Havana|72.0,72.3,74.7,76.6,79.0,80.6,81.7,82.2,81.3,79.0,76.1,73.4,77.4 
Curaçao|Willemstad|79.9,80.1,81.0,82.0,83.1,83.5,83.3,84.0,84.4,83.5,82.4,81.0,82.4 
Dominica|Roseau|76.8,76.6,77.2,78.4,79.9,81.1,81.3,81.3,80.8,79.0,79.2,77.7,79.2 
Dominican Republic|Santo Domingo|75.9,75.9,76.8,78.1,79.3,80.4,80.6,80.8,80.6,80.1,78.8,76.8,78.6 
Greenland|Nuuk|18.7,18.0,18,25.2,33.1,39.0,43.7,43.0,38.3,30.7,25.3,20.8,29.5 
Honduras|La Ceiba|74.8,75.2,78.1,80.2,82.8,82.4,81.5,81.7,81.3,79.2,77.4,75.7,79.2 
Honduras|Tegucigalpa|67.1,68.7,71.8,74.1,74.5,72.7,71.8,72.3,72.0,70.7,68.7,67.5,71.1 
Jamaica|Kingston|78.4,78.6,79.5,80.4,82.0,83.3,84.0,83.7,83.1,81.9,81.0,80.1,81.3 
Mexico|Cabo San Lucas|66.6,66.7,68.4,72.0,74.8,77.5,82.6,84.2,83.1,80.1,74.3,69.1,75.0 
Mexico|Chihuahua|50.0,55.2,60.3,66.6,74.5,79.3,78.1,75.7,72.7,65.7,56.7,50.5,65.5 
Mexico|Guadalajara|62.8,65.1,69.3,73.0,76.1,75.0,71.6,71.4,71.2,69.8,66.6,63.5,69.6 
Mexico|La Paz|63.3,64.6,67.5,71.8,76.1,80.8,85.5,86.4,84.7,79.2,71.6,65.5,74.7 
Mexico|Mexicali|55.6,59.5,64.4,70.3,78.4,86.9,93.0,92.3,86.7,75.7,63.5,55.6,73.6 
Mexico|Mexico City|58.3,60.6,64.6,67.3,68.0,66.9,64.8,64.9,64.4,62.8,61.3,59.0,63.5 
Mexico|Monterrey|57.9,61.9,68,74.1,79.2,82.2,83.5,83.3,79.2,72.3,65.1,59.2,72.1 
Mexico|Tijuana|56.5,57.7,58.6,61.0,64.4,67.6,72.0,73.0,71.6,67.1,61.9,57.2,64.0 
Mexico|Toluca|48.0,50.2,53.2,56.3,58.5,58.6,57.2,57.2,57.0,54.3,51.4,49.1,54.3 
Mexico|Veracruz|70.7,71.4,75.2,78.4,82.0,82.6,81.5,81.7,81.0,79.2,75.6,72.7,77.7 
Mexico|Villahermosa|74.5,76.1,79.9,83.3,85.3,84.7,84.0,84.0,83.1,80.8,78.3,75.4,80.8 
Nicaragua|Managua|79.3,81.0,83.3,84.7,84.7,81.0,80.2,81.0,80.2,79.7,79.3,79.2,81.1 
Panama|Panama City|82,82,82,82,82,81,81,81,81,81,81,81,82 
El Salvador|San Salvador|72.0,73.0,74.8,76.1,75.6,73.9,73.9,73.8,73.0,73.0,72.3,71.6,73.6 
Puerto Rico|San Juan|77.6,77.9,78.9,80.3,81.9,83.3,83.4,83.7,83.5,82.6,80.6,76.7,81.0 
Saint Pierreand Miquelon|Saint-Pierre|27.3,26.2,29.5,35.6,42.1,49.3,57.4,61.2,56.3,48.0,40.1,32.7,42.3 
United States|Albuquerque|36.4,41.4,48.1,56.0,65.6,74.9,78.3,76.2,69.3,57.5,44.9,36.3,57.2 
United States|Anchorage|17.1,20.2,26.6,36.8,47.8,55.2,58.8,56.7,48.6,34.8,22.2,19.0,37.1 
United States|Atlanta|43.5,47.4,54.6,62.1,70.3,77.4,80.4,79.5,73.5,63.4,54.1,45.5,62.6 
United States|Austin|51.5,55.0,61.7,69.2,76.6,82.2,85.0,85.8,80.0,71.2,61.0,52.5,69.3 
United States|Baltimore|33.5,36.4,44.2,54.3,63.6,73.0,77.6,75.7,68.4,56.7,47.0,37.3,55.6 
United States|Boise|31.3,36.5,44.5,50.8,59.1,67.5,75.8,74.7,64.9,52.8,40.0,30.7,52.5 
United States|Boston|29.3,32.0,38.6,48.4,58.2,68.0,73.7,72.4,65.2,54.3,45.0,35.0,51.7 
United States|Charlotte|41.2,45.0,52.3,60.5,68.5,76.4,79.6,78.4,71.9,61.3,51.9,43.4,60.9 
United States|Chicago|23.7,27.7,37.7,48.9,59.0,68.9,73.9,72.3,64.5,52.5,40.3,27.7,49.7 
United States|Columbus|29.2,32.4,41.5,52.7,62.2,71.2,74.9,73.6,66.4,54.7,44.0,33.1,53.0 
United States|Dallas|45.9,49.9,57.6,65.5,73.9,81.4,85.5,85.7,78.1,67.6,56.6,47.2,66.2 
United States|Denver|31.4,33.4,40.7,48.0,57.6,67.4,74.1,72.1,63.2,50.7,38.9,30.3,50.7 
United States|Detroit|25.3,27.9,36.9,49.0,59.4,69.2,73.4,71.8,64.2,52.2,41.3,29.9,50.0 
United States|El Paso|45.2,50.2,56.7,64.7,74.0,81.8,82.8,81.1,75.4,65.2,53.1,44.9,64.6 
United States|Fairbanks|−7.5,−0.9,11.8,32.9,49.8,60.8,62.8,56.5,45.2,24.4,2.9,−3.7,27.9 
United States|Fresno|46.6,51.5,56.6,62.0,70.1,77.2,83.0,81.7,76.2,66.2,54.3,46.5,64.3 
United States|Houston|52.7,56.0,62.4,69.2,76.6,81.9,84.0,84.2,79.4,71.1,61.9,54.1,69.4 
United States|Indianapolis|28.1,32.2,42.3,53.2,62.9,72.2,75.5,74.3,67.1,55.2,43.8,31.8,53.2 
United States|Jacksonville|53.1,56.4,61.7,66.9,74.1,80.0,82.3,81.7,78.2,70.4,62.2,55.2,68.5 
United States|Kansas City|28.8,33.5,44.2,54.8,64.5,73.5,78.3,77.0,68.1,56.3,43.6,31.4,54.5 
United States|Las Vegas|47.8,52.0,59.0,66.4,76.5,85.8,91.7,89.8,81.7,68.7,55.6,46.8,68.5 
United States|Lake Havasu City|54.0,58.3,64.5,72.4,82.2,90.9,96.9,95.9,88.3,75.3,62.6,53.0,74.6 
United States|Los Angeles|58.0,58.9,60.6,63.1,65.8,69.2,73.3,74.3,73.1,68.6,62.4,57.6,65.4 
United States|Louisville|34.0,37.9,46.9,57.0,66.1,74.6,78.2,77.3,70.0,58.6,47.7,36.9,57.1 
United States|Memphis|41.3,45.5,54.0,63.0,71.7,79.6,82.7,82.1,75.2,64.1,53.2,43.6,63.0 
United States|Miami|67.9,70.0,72.4,75.6,79.7,82.5,83.9,84.0,82.7,79.6,74.7,70.2,76.9 
United States|Milwaukee|22.6,26.3,35.4,46.0,56.0,66.6,72.1,71.0,63.3,51.6,39.3,26.8,48.1 
United States|Minneapolis|15.6,20.8,32.7,47.5,59.1,68.7,73.7,71.1,62.0,48.9,33.7,19.7,46.1 
United States|Nashville|38.1,42.2,50.5,59.5,68.0,76.2,79.9,79.2,72.0,60.8,50.3,40.9,59.8 
United States|New Orleans|52.9,56.2,62.2,68.6,76.2,81.0,82.8,82.8,79.2,70.8,62.2,55.2,69.2 
United States|New York City|33.0,35.7,42.9,53.4,62.8,71.8,76.9,75.7,68.4,57.3,48.1,37.9,55.3 
United States|OklahomaCity|38.4,42.9,51.3,60.1,69.0,77.1,82.1,81.6,73.1,61.7,49.9,39.7,60.6 
United States|Omaha|23.7,28.3,39.5,51.7,62.5,72.2,76.7,74.6,65.9,53.3,38.9,26.1,51.1 
United States|Palm Springs|61.3,64.5,69.2,74.6,80.3,87.3,92.8,92.5,86.9,76.8,66.6,60.2,76.1 
United States|Philadelphia|32.9,35.6,43.5,54.0,63.8,73.2,78.1,76.5,69.1,57.5,47.6,37.4,55.8 
United States|Phoenix|56.5,59.8,65.3,72.8,82.1,90.9,94.8,93.6,88.4,76.7,64.2,55.5,75.0 
United States|Pittsburgh|28.5,31.3,39.8,51.1,60.2,68.9,72.8,71.6,64.3,52.9,43.1,32.5,51.4 
United States|Portland (OR)|41.4,43.8,48.1,52.3,58.3,63.6,69.2,69.6,64.5,54.9,46.6,40.4,54.4 
United States|Sacramento|46.6,51.1,54.9,59.0,65.8,71.7,75.5,74.9,71.7,64.2,53.5,46.4,61.3 
United States|Salt LakeCity|29.6,34.3,43.8,50.7,59.9,69.9,78.9,77.2,66.3,53.2,40.2,30.5,52.9 
United States|San Antonio|51.8,55.6,62.2,69.5,77.0,82.5,84.7,85.4,79.8,71.3,61.2,52.9,69.5 
United States|San Diego|57.6,58.4,59.9,62.3,64.5,67.0,70.5,72.0,71.0,67.2,61.8,57.1,64.1 
United States|SanFrancisco|52.1,54.7,56.0,57.1,58.5,60.5,61.3,62.5,63.5,62.3,57.4,52.5,58.2 
United States|San Jose|51.5,54.5,56.9,59.3,64.0,68.3,70.9,71.2,69.2,64.3,57.0,51.1,61.5 
United States|Seattle|41.8,43.2,46.3,50.2,55.8,60.7,65.5,65.9,61.1,52.6,45.3,40.4,52.4 
United States|St. Louis|31.8,36.3,46.3,57.3,66.8,75.9,80.0,78.6,70.4,58.7,46.8,34.8,57.0 
United States|Tampa|60.6,63.2,67.1,71.7,78.2,82.0,82.8,83.0,81.5,76.0,69.0,63.0,73.2 
United States|Tucson|52.9,55.6,60.5,67.4,76.3,85.2,87.4,85.7,81.9,71.4,60.1,52.3,69.7 
United States|VirginiaBeach|40.8,43.0,49.7,58.6,67.0,75.7,80.0,78.3,72.6,62.4,53.2,44.5,60.5 
United States|Washington,D.C.|36.1,39.1,46.9,56.9,66.1,75.3,79.8,78.2,71.1,59.6,49.6,39.8,58.2 
United States|Wichita|32.2,37.2,46.5,56.1,66.0,75.8,81.1,80.0,71.0,58.3,45.4,33.7,57.0 
Australia|Adelaide|73.8,73.9,69.6,63.7,56.3,53.8,52.5,54.3,57.9,62.1,67.5,70.3,63.1 
Australia|Alice Springs|82,81,77,68,59,54,52,57,64,72,77,81,70 
Australia|Brisbane|78.4,78.3,76.1,72.1,66.4,62.2,60.8,62.6,67.5,71.1,74.3,76.6,70.5 
Australia|Cairns|81,81,79,77,73,70,70,72,73,77,79,81,77 
Australia|Canberra|69.1,68.2,63.7,56.1,48.9,44.1,42.3,44.6,49.6,55.0,60.4,65.8,55.6 
Australia|Dampier|87.8,88.3,87.6,83.5,75.4,69.6,67.6,70.2,74.7,79.2,82.9,86.4,79.5 
Australia|Darwin|82.9,82.6,82.9,83.1,80.8,77.5,77.0,78.6,82.0,84.4,84.7,84.2,81.7 
Australia|Hobart|62.2,62.4,60.1,55.8,51.4,47.5,46.8,48.6,51.4,54.3,57.2,60.1,54.9 
Australia|Melbourne|68.2,68.4,65.5,60.1,54.9,50.9,49.6,51.6,54.9,58.5,61.9,65.5,59.2 
Australia|Perth|76.1,76.8,73.6,67.5,61.7,57.2,55.4,56.3,58.6,63.1,68.5,72.9,65.7 
Australia|Sydney|72.1,72.1,70.2,65.3,59.9,55.6,54.0,56.1,59.9,64.0,67.3,70.3,63.9 
Chile|Hanga Roa|73.9,74.7,73.6,71.4,68.2,66.0,64.4,64.2,64.9,66.2,68.7,71.2,68.9 
Fiji|Suva|81.3,81.7,79.5,79.9,77.7,76.3,74.8,74.7,75.4,77.2,79.0,80.4,78.1 
New Zealand|Auckland|66.4,67.5,65.1,61.0,57.2,53.2,51.6,52.3,54.9,57.6,60.3,64.0,59.4 
New Zealand|Christchurch|63.5,63.0,59.9,54.9,49.6,44.8,43.9,46.2,50.5,54.0,57.4,61.0,54.0 
New Zealand|Dunedin|59.5,59.0,56.7,53.1,48.7,45.1,43.9,45.9,49.1,51.6,54.3,57.0,52.0 
New Zealand|Hamilton|65.1,65.8,62.8,58.1,53.4,49.1,48.0,49.6,52.9,55.8,58.8,62.4,56.8 
New Zealand|Lake Tekapo|59.4,58.6,54.3,48.6,42.6,36.7,34.5,38.5,43.7,47.8,52.0,55.8,47.7 
New Zealand|Napier|67.1,66.9,63.9,59.0,54.3,50.0,48.9,50.5,54.1,57.7,61.0,65.1,58.3 
New Zealand|Palmerston North|64.0,64.9,61.5,56.5,52.5,48.4,47.5,48.6,51.8,54.3,56.8,61.2,55.8 
New Zealand|Tauranga|66.9,67.3,64.4,59.9,55.8,51.4,50.4,51.3,54.1,57.0,60.4,64.4,58.6 
New Zealand|Wellington|62.4,63.0,60.4,56.7,53.1,49.5,48.0,48.9,51.4,53.6,56.3,59.7,55.2 
Papua New Guinea|Port Moresby|81.3,81.1,80.8,80.6,80.4,79.0,78.3,79.0,79.7,81.5,81.7,82.0,80.4 
Solomon Islands|Honiara|80.1,79.9,79.9,79.7,79.9,79.5,79.0,79.2,79.7,79.7,80.1,80.2,79.7 
United States|Honolulu|73.2,73.2,74.7,76.3,78.1,80.2,81.3,82.0,81.7,80.2,77.7,74.8,77.7 
Vanuatu|Port Vila|79.5,79.7,79.3,77.5,75.4,73.4,71.8,71.6,72.9,74.1,76.3,78.3,75.7 
Argentina|Bahía Blanca|74.5,71.8,66.9,58.8,52.0,46.6,45.5,48.9,52.9,59.2,65.7,71.6,59.5 
Argentina|Bariloche|59.0,58.6,53.4,46.2,40.8,37.2,35.8,37.4,41.2,46.4,51.4,56.3,46.9 
Argentina|Buenos Aires|76.8,74.5,71.4,64.2,58.1,53.1,51.8,55.0,58.3,64.2,69.3,73.9,64.2 
Argentina|Comodoro Rivadavia|67.5,65.8,61.3,55.6,49.3,44.4,43.9,46.2,50.2,55.4,60.6,64.8,55.4 
Argentina|Córdoba|76.8,73.6,71.1,64.4,58.1,52.5,51.4,55.9,60.3,67.1,71.2,74.7,64.8 
Argentina|Mar del Plata|68.7,67.6,64.8,58.1,52.2,47.1,45.5,47.8,50.7,55.9,60.6,65.3,57.0 
Argentina|Mendoza|77.9,75.2,70.3,61.2,53.2,47.1,46.2,51.1,57.0,65.8,72.0,76.8,62.8 
Argentina|Neuquén|74.7,72.1,66.0,56.1,48.6,43.9,42.4,46.6,52.5,60.1,66.9,72.3,58.5 
Argentina|Resistencia|80.2,78.6,76.3,70.2,63.7,59.7,58.6,62.1,65.3,71.2,74.5,78.4,70.0 
Argentina|Río Gallegos|56.8,55.8,51.4,45.7,39.6,34.5,34.2,37.6,42.3,47.1,52.0,55.0,46.0 
Argentina|Rosario|76.3,73.8,70.5,63.1,56.8,51.3,50.0,53.8,58.1,64.6,69.8,74.1,63.5 
Argentina|Salta|70.5,68.5,67.1,61.9,55.6,51.1,50.2,54.9,59.2,66.4,68.9,70.7,62.1 
Argentina|San Juan|80.8,77.9,73.0,63.0,54.0,46.9,45.9,51.1,57.9,67.6,74.1,79.3,64.2 
Argentina|San Miguelde Tucumán|77.4,75.2,72.7,66.6,60.3,54.9,54.0,58.8,64.0,71.2,74.1,76.8,67.1 
Argentina|Santiago del Estero|80.1,77.9,74.8,67.6,61.0,54.9,54.0,59.5,65.3,72.9,76.6,79.7,68.7 
Argentina|Ushuaia|49.3,48.7,45.9,42.3,37.8,35.1,34.3,36.0,39.4,43.2,46.0,48.4,42.3 
Argentina|Viedma|71.8,69.4,64.9,56.8,49.8,45.0,43.9,46.8,50.9,57.7,63.9,69.1,57.6 
Bolivia|La Paz|48.7,48.2,48.0,47.8,46.8,45.1,44.2,46.8,47.7,50.0,50.9,49.5,47.8 
Bolivia|Santa Cruz de la Sierra|80.2,79.9,79.2,76.5,73.0,68.7,70.0,73.4,77.4,79.5,80.8,80.6,76.6 
Bolivia|Sucre|61.2,60.3,60.4,59.9,58.8,56.8,57.0,58.8,61.2,62.4,63.1,62.1,60.1 
Brazil|Belém|78.1,77.7,77.9,78.1,78.4,78.8,78.3,78.8,78.8,79.5,79.7,79.2,78.6 
Brazil|Belo Horizonte|73.0,73.4,73.2,71.1,67.3,65.3,64.4,67.5,70.0,71.1,72.0,72.0,70.0 
Brazil|Brasília|70.2,70.3,70.7,69.6,67.3,65.3,64.9,68.5,71.1,70.9,70.0,69.8,69.1 
Brazil|Campos do Jordão|63.1,63.5,62.1,58.5,53.4,50.2,49.1,52.3,56.1,58.8,60.6,61.9,57.6 
Brazil|Curitiba|68.7,69.1,67.3,63.0,58.1,55.6,55.2,57.4,59.0,61.7,64.8,66.7,62.2 
Brazil|Fortaleza|80.8,80.4,79.5,79.2,79.2,78.4,78.1,78.8,79.5,80.4,81.0,81.1,79.9 
Brazil|Goiânia|74.8,74.8,75.2,74.5,72.0,69.6,69.6,73.4,76.1,76.3,75.4,74.3,73.8 
Brazil|Manaus|79.0,78.6,78.8,79.2,79.2,79.5,79.7,81.1,81.9,81.9,81.0,79.9,80.1 
Brazil|Porto Alegre|76.3,76.3,73.6,67.8,62.4,57.7,57.9,59.4,62.2,66.4,70.2,73.9,67.1 
Brazil|Recife|79.7,79.7,79.5,78.6,77.4,76.1,75.0,75.0,76.3,77.9,79.0,79.5,77.9 
Brazil|Rio de Janeiro|79.3,79.9,78.8,75.9,73.0,71.2,70.3,71.2,72.0,73.2,75.2,77.5,74.8 
Brazil|Salvador|79.5,79.7,79.9,79.2,77.4,75.7,74.7,74.5,75.7,77.2,77.9,78.6,77.5 
Brazil|São Joaquim|62.2,62.8,60.6,55.8,52.5,49.5,49.6,51.3,53.6,55.0,57.9,60.8,55.9 
Brazil|São Paulo|71.8,72.3,71.2,67.5,63.3,61.3,60.4,62.8,64.2,66.2,68.4,70.0,66.6 
Chile|Antofagasta|68.4,68.0,66.4,62.8,59.9,57.6,56.7,57.2,58.5,60.4,63.1,66.0,62.1 
Chile|Concepción|61.7,60.6,58.1,54.1,51.3,49.1,47.8,48.7,50.4,53.4,56.8,60.1,54.3 
Chile|Punta Arenas|51.4,50.5,47.3,43.2,38.7,34.7,34.5,36.1,39.6,43.5,47.1,49.8,43.0 
Chile|Santiago|70.2,68.5,64.8,57.9,51.6,48.2,46.8,49.6,53.6,59.0,63.9,68.2,58.5 
Colombia|Bogotá|57.7,58.1,58.8,58.8,59.0,58.1,58.3,57.4,57.7,57.7,57.9,58.3,57.9 
Colombia|Barranquilla|79.7,80.1,80.6,81.5,82.6,82.6,82.2,82.2,81.7,81.0,81.3,80.4,81.3 
Colombia|Medellín|72.3,72.9,72.9,72.3,72.7,73.2,73.6,73.6,72.3,71.2,71.2,71.4,72.5 
Ecuador|Quito|57.6,57.2,57.7,57.7,58.1,58.1,58.3,59.0,58.6,57.7,57.7,57.9,57.9 
Falkland Islands|Stanley|49.1,48.0,46.6,43.0,39.0,36.0,35.4,36.0,39.0,41.5,44.6,46.6,42.1 
French Guiana|Cayenne|79.2,79.3,79.7,80.2,80.1,79.9,79.9,80.6,81.0,81.1,80.6,79.9,80.1 
Guyana|Georgetown|79.0,79.5,80.1,80.6,80.2,79.7,79.9,80.6,81.5,81.7,81.0,79.5,80.2 
Paraguay|Asunción|81.5,80.4,78.6,73.0,67.6,63.7,64.2,65.5,68.9,73.8,76.8,79.7,72.9 
Peru|Cusco|55.2,54.9,55.0,54.9,53.6,52.5,51.4,52.7,54.9,56.5,56.5,55.8,54.5 
Peru|Lima|71.8,72.9,72.0,69.1,65.8,63.5,62.1,61.2,61.5,63.1,65.7,69.3,66.6 
Peru|Piura|80.2,82.0,82.0,79.9,76.1,73.2,71.2,71.4,72.1,73.2,74.5,77.4,76.1 
Uruguay|Montevideo|73.4,72.5,69.1,63.0,57.2,52.0,51.6,53.1,56.1,60.8,65.5,70.3,62.1 
Venezuela|Caracas|68.4,69.4,71.1,72.9,73.8,72.7,72.0,72.1,72.9,72.3,71.6,69.3,71.6 
